{"loss": [0.013847184066287294, 0.013634087150633488, 0.01344409424941774, 0.013269226146788465, 0.013107792022014187], "val_loss": [0.01449156209753372, 0.014286853034306896, 0.014099330619266371, 0.013924553722934763, 0.013762934195810626], "mean_squared_error": [0.01384718407654059, 0.013634087165344741, 0.013444094263683195, 0.01326922612761926, 0.013107792036279644], "val_mean_squared_error": [0.014491562102882306, 0.01428685303787262, 0.014099330624614957, 0.013924553765723454, 0.013762934194027764]}