{"val_mean_squared_error": [0.006279065895085291, 0.005567802767242348, 0.005326974884386046, 0.005071899707897781, 0.004929954869252347, 0.004779971033153326, 0.004726158819498094, 0.004512605884565487, 0.004453102613773199, 0.004353245842839064], "loss": [0.00980755887409728, 0.006122725071105878, 0.005609572019339078, 0.005288545905099688, 0.005052733115142173, 0.004868895162050966, 0.0047020449609073475, 0.0045541866403791915, 0.004420669095341399, 0.004294776533353798], "val_loss": [0.006279065893302429, 0.005567802776156658, 0.005326974892854641, 0.005071899717703522, 0.004929954847858001, 0.004779971027359024, 0.004726158817715232, 0.00451260589526266, 0.004453102591933139, 0.004353245846850503], "mean_squared_error": [0.009807558882344497, 0.006122725072889059, 0.005609572013432288, 0.005288545917024719, 0.00505273311837419, 0.004868895166286024, 0.004702044955557801, 0.00455418664260817, 0.004420669084085062, 0.0042947765327965536]}