{"val_loss": [0.009695825065401467, 0.00927986770960664, 0.008903109808721818, 0.00865392924232547, 0.008508316742271678, 0.008192862172357061, 0.00806052564866533, 0.007923481898182188, 0.007816349577220265, 0.007735379422006528, 0.0077077015972703946, 0.007591280939965701, 0.007572720727829402, 0.007422131263797194, 0.007554959403427918, 0.0074872671872808425, 0.007475234142866386], "mean_squared_error": [0.010595347298496665, 0.009560815861791612, 0.008958455836941208, 0.008427747251209173, 0.007962483982858695, 0.0075104528325289415, 0.007135807588410866, 0.0067505927279700876, 0.006423123124956093, 0.006130028007955043, 0.0058428755551222485, 0.005591925327138951, 0.0053425156438712046, 0.005123402999752894, 0.004919570234707532, 0.0047243782501967205, 0.004553581202757995], "val_mean_squared_error": [0.009695825086183045, 0.009279867702679447, 0.008903109801024937, 0.008653929243864846, 0.00850831678152577, 0.008192862190829575, 0.008060525653283458, 0.007923481896642812, 0.007816349552590246, 0.007735379402764326, 0.007707701596500706, 0.007591280943044454, 0.007572720757077548, 0.007422131267645635, 0.007554959426133717, 0.007487267206523044, 0.007475234147484514], "loss": [0.01059534731100668, 0.009560815866025772, 0.008958455832225893, 0.008427747260447338, 0.007962483965440904, 0.007510452835993254, 0.0071358075843691695, 0.006750592723447236, 0.0064231231237050915, 0.006130028005356809, 0.005842875543093387, 0.005591925332624112, 0.005342515643774973, 0.005123402991477038, 0.0049195702307620656, 0.004724378247309794, 0.004553581201218301]}