{"val_loss": [0.008957355360532384, 0.008241116196286181, 0.007837785928552249, 0.007543273503796518, 0.007326305738923709], "mean_squared_error": [0.010292230395032145, 0.00847748071597222, 0.007922184230130165, 0.007542521798243084, 0.007233409875915705], "loss": [0.010292230396369532, 0.00847748072689421, 0.007922184236817098, 0.007542521794008027, 0.007233409875692808], "val_mean_squared_error": [0.00895735538281816, 0.00824111616954325, 0.007837785933009404, 0.007543273483293604, 0.007326305729117967]}