{"loss": [0.026920612272043457, 0.019545705473877233, 0.016666747270116217, 0.014501152983210173, 0.012830371829427003, 0.011444986423281405, 0.01047158989642124, 0.009595126768623601, 0.008776755942024879, 0.0081681596619269, 0.007582150980366427, 0.007053801371118739, 0.00662369331766107, 0.006268614819676077, 0.00593728156704712], "mean_squared_error": [0.026920612278400362, 0.01954570548572419, 0.016666747248156002, 0.014501152996790832, 0.012830371837228658, 0.01144498643700654, 0.010471589891509085, 0.009595126778592382, 0.00877675593696825, 0.008168159655281046, 0.007582150972131347, 0.007053801383688072, 0.0066236933244514, 0.00626861482401033, 0.005937281566324745], "val_loss": [0.021421561412003607, 0.018772964691244873, 0.016296169334019738, 0.014604527933737723, 0.013208336280914532, 0.012510168226154087, 0.011556983190398402, 0.011216979324098255, 0.011500563809097192, 0.009641287633760601, 0.00951913912678451, 0.009175410435269355, 0.008786378040036083, 0.008129839827362186, 0.008124025959659635], "val_mean_squared_error": [0.021421561368088288, 0.01877296465773055, 0.01629616933055274, 0.014604527912935731, 0.013208336235843547, 0.012510168193795431, 0.011556983173063407, 0.011216979329298753, 0.011500563802163195, 0.00964128759851278, 0.009519139122161844, 0.009175410420245693, 0.008786378041191749, 0.008129839803093192, 0.00812402595330347]}