{"loss": [0.010915986566573038, 0.009466832548255966, 0.00902945574928078, 0.00874937900391029, 0.008541134707558353], "val_loss": [0.009815739133007704, 0.009203823482103825, 0.008886013820844958, 0.008670959794828341, 0.00849651551704482], "val_mean_squared_error": [0.009815739185602136, 0.009203823446446584, 0.008886013826193544, 0.008670959799285496, 0.008496515492084751], "mean_squared_error": [0.010915986575043153, 0.009466832551153638, 0.009029455759534077, 0.008749379011488813, 0.008541134708672841]}