{"val_loss": [0.005768473130512869, 0.005345415099332081, 0.005004144862377101, 0.004779406445919683, 0.004612954564082348, 0.004466718140981519, 0.004351831937053217, 0.004242189774201921, 0.004135380243851003, 0.004105181000247815], "val_mean_squared_error": [0.0057684731577015156, 0.005345415102006374, 0.0050041448570285136, 0.004779406430765356, 0.004612954547145159, 0.004466718151232976, 0.004351831937276075, 0.0042421897826705164, 0.0041353802469710115, 0.0041051809980192375], "loss": [0.006664370189608169, 0.005329470368487138, 0.004949053685191821, 0.004677626675982598, 0.004467139068958848, 0.004282789352524744, 0.004128320446492136, 0.003989877664736349, 0.0038766311021311162, 0.003752682091273608], "mean_squared_error": [0.006664370196963795, 0.005329470379520577, 0.0049490536859719625, 0.004677626684898508, 0.004467139077651862, 0.004282789349738522, 0.004128320455853843, 0.003989877673429361, 0.0038766311043600937, 0.0037526820887102833]}