{"val_mean_squared_error": [0.004408393100993854, 0.004312558418663621, 0.004338909434889922, 0.004272573722873998, 0.004206265409105653, 0.004163348894538561, 0.004211602973928974, 0.004239675505264463, 0.0042112218035488735], "val_loss": [0.004408393103594103, 0.0043125584102850405, 0.0043389094476022514, 0.004272573742809241, 0.004206265424851606, 0.004163348890782646, 0.004211602995453259, 0.004239675507575796, 0.0042112218094716635], "loss": [0.00410297394981447, 0.003761734001935164, 0.0035914480472364605, 0.003456260791118478, 0.003354128887914793, 0.003237411941370779, 0.003153400516561154, 0.0030499926681919446, 0.0029896663931762413], "mean_squared_error": [0.004102973946383187, 0.003761734004174528, 0.0035914480503065564, 0.0034562607883373325, 0.0033541288920684517, 0.003237411944549231, 0.00315340051461074, 0.003049992671623228, 0.0029896663947654675]}