{"val_loss": [0.011315595000366305, 0.01023192164296702, 0.009722972910946624, 0.009372797159495452, 0.009110431126683244], "val_mean_squared_error": [0.011315594975406237, 0.010231921658121347, 0.009722972892226572, 0.009372797146123985, 0.009110431094591727], "mean_squared_error": [0.012707293548828031, 0.010724539638335948, 0.010055897759417082, 0.009640505428505152, 0.00933702359869715], "loss": [0.01270729356576826, 0.010724539636552765, 0.010055897749609582, 0.009640505428950948, 0.009337023590672832]}