{"mean_squared_error": [0.049045002221147806, 0.04364875329406795, 0.04072124778525287, 0.038574355558572936, 0.03685177337537536, 0.03539366195717635, 0.03407594397617557, 0.032970432423596416, 0.031863455443931626, 0.03081496719678288], "val_mean_squared_error": [0.04360850469269839, 0.04006245655660009, 0.03797850167201254, 0.036416822015878474, 0.035062790548206275, 0.033958524943198364, 0.0329830253076896, 0.03203384740540191, 0.030951337412608373, 0.030221642129568443], "val_loss": [0.04360850473778511, 0.04006245678203369, 0.03797850189744614, 0.03641682230894216, 0.035062790503119556, 0.033958524920655, 0.03298302524005952, 0.03203384727014175, 0.030951337615498616, 0.030221642264828603], "loss": [0.0490450024466667, 0.043648753361723615, 0.04072124774014909, 0.03857435562059063, 0.03685177307656282, 0.03539366191207258, 0.034075943823950315, 0.03297043244051034, 0.03186345531989623, 0.03081496710657532]}