{"val_loss": [0.013147094632169945, 0.012624509171559592, 0.01254811065169561, 0.01195978817868218, 0.01176411835059746, 0.011378313984666297, 0.011259113677049898, 0.010915845556101247, 0.011454686096206826, 0.011433759616196748], "val_mean_squared_error": [0.013147094683137848, 0.012624509208627156, 0.012548110614628044, 0.011959788211116299, 0.011764118396931917, 0.011378313966132515, 0.01125911367009973, 0.01091584554915108, 0.011454686098523549, 0.011433759708865662], "loss": [0.014356893345287074, 0.011676846074395916, 0.010882243998557348, 0.010297962325881859, 0.009743973494848722, 0.00937764424026272, 0.008856064884551913, 0.008543961232281206, 0.008075600503883009, 0.0077913602818135115], "mean_squared_error": [0.014356893346446156, 0.011676846045418859, 0.010882244020000369, 0.01029796233167727, 0.009743973500644133, 0.009377644236785474, 0.008856064896722277, 0.00854396125024698, 0.00807560048939448, 0.007791360282972594]}