{"val_loss": [0.05134802529765871, 0.051250993650344606, 0.05115122384139521, 0.05105439591279279, 0.05096109732196479, 0.05086681865009165, 0.05077479239806826, 0.05068741857148876, 0.05059801804327298, 0.050510290965054654], "val_mean_squared_error": [0.051348025117311825, 0.051250993695431325, 0.05115122361596161, 0.0510543955070123, 0.05096109741213823, 0.05086681851483149, 0.050774792758762025, 0.05068741870674892, 0.05059801826870658, 0.050510291190488256], "loss": [0.047969792298958515, 0.04785124457966659, 0.047734830005575754, 0.04761862468130878, 0.04750451663487164, 0.04739190702338224, 0.047280176636783, 0.04717200856502202, 0.047064363807045144, 0.04695804126989174], "mean_squared_error": [0.04796979227076865, 0.04785124469242604, 0.04773483028747438, 0.04761862468130878, 0.047504516561577996, 0.04739190712486575, 0.047280176755180425, 0.047172008700333355, 0.04706436362663003, 0.046958041303719576]}