{"val_mean_squared_error": [0.007991973193331567, 0.007577210047266885, 0.007008897162173405, 0.007402162834586314, 0.006383277864141528, 0.006263194308993368, 0.005632813713197743, 0.005630153416047904, 0.0051401527729347226, 0.0049945642473176125, 0.0056226711352702135, 0.004621627035912527, 0.0050786322259829065, 0.004464013036532897, 0.004050715264387059, 0.0039928236397075625, 0.003936552084128042, 0.0038344856251554546, 0.003636479506092069, 0.0034848901739513334], "loss": [0.010573483729574503, 0.008035608431948709, 0.007348870370707564, 0.006648142281942813, 0.006197524952128111, 0.005600239299047191, 0.005235227827894235, 0.004797514153890408, 0.004449423607760214, 0.004138407414064264, 0.0038695256142043874, 0.003522325402399397, 0.0033248993733158367, 0.0031324766185015325, 0.0029507677570619743, 0.002752891316641169, 0.002611740198395153, 0.002506920980504366, 0.0023319625396163693, 0.0022421899069234186], "val_loss": [0.007991973135220118, 0.0075772100561182975, 0.00700889715216746, 0.007402162857676957, 0.00638327787376263, 0.006263194300911643, 0.005632813692031321, 0.005630153411044931, 0.0051401527862118416, 0.004994564221340639, 0.005622671141812563, 0.004621627054962306, 0.005078632196349915, 0.004464013016136163, 0.004050715273430894, 0.003992823636243967, 0.003936552102985399, 0.0038344855909043353, 0.0036364795126344177, 0.0034848901731816453], "mean_squared_error": [0.010573483716968257, 0.008035608438107486, 0.007348870360940128, 0.0066481422724159545, 0.0061975249561216925, 0.00560023930381062, 0.005235227828760313, 0.004797514151965791, 0.004449423615362455, 0.004138407409974451, 0.0038695256150704654, 0.0035223253987907385, 0.0033248993798595376, 0.003132476619752534, 0.0029507677550411255, 0.0027528913246764484, 0.0026117402046982765, 0.002506920982428984, 0.002331962540530563, 0.0022421899078857274]}