{"mean_squared_error": [0.014115603194151023, 0.013894491318664322, 0.01369926270913996, 0.013525555516299729, 0.013363854219652202], "val_loss": [0.014073078354744062, 0.013877764905560506, 0.013708866252372526, 0.013546731833317508, 0.013399109627081924], "loss": [0.014115603194151023, 0.013894491356937853, 0.013699262760171336, 0.01352555549078404, 0.013363854334472793], "val_mean_squared_error": [0.014073078303712688, 0.013877764854529132, 0.013708866150309779, 0.013546731884348882, 0.013399109678113297]}