{"val_loss": [0.008118973762056803, 0.0076334616706420656, 0.0073325710212239084, 0.007930561532869269, 0.007112329149831351, 0.006673497494847674, 0.006765472353575339, 0.006891281495428372, 0.007138453114371756], "mean_squared_error": [0.008385637812733236, 0.007761191832355155, 0.0073507805267127215, 0.006924703316461574, 0.0066379357900227315, 0.006319286581942412, 0.006274865556717604, 0.006021282420644285, 0.005979126154623485], "val_mean_squared_error": [0.008118973762056803, 0.0076334616697506345, 0.007332571016766753, 0.00793056152573782, 0.0071123291302198684, 0.006673497526939191, 0.006765472350901046, 0.006891281475816889, 0.007138453071583067], "loss": [0.008385637808721078, 0.007761191829457484, 0.007350780521586072, 0.006924703313563903, 0.00663793579514938, 0.006319286563219, 0.006274865568308288, 0.006021282422650365, 0.005979126146153371]}