{"loss": [0.05206191378447918, 0.05097145159847575, 0.04996860571518524, 0.04905123947483547, 0.04820633981682746, 0.04743802832665765, 0.04672289485618546, 0.04605109498011899, 0.04542803001032266, 0.044860218403874316], "val_loss": [0.051656225811740814, 0.05080904399077218, 0.05004289133386875, 0.049336526571081195, 0.04869391946699724, 0.048111896725222134, 0.047562289588525326, 0.047062947244331264, 0.04658785555934401, 0.04613390163364912], "val_mean_squared_error": [0.051656225766654094, 0.05080904417111906, 0.05004289133386875, 0.049336526525994476, 0.048693919647344125, 0.048111896725222134, 0.047562289588525326, 0.0470629471090711, 0.046587855829864334, 0.0461339015885624], "mean_squared_error": [0.05206191354768433, 0.050971451632303585, 0.049968605850496575, 0.04905123953121519, 0.04820633976044774, 0.04743802831538171, 0.04672289475470195, 0.04605109491246332, 0.04542803022456562, 0.04486021864066916]}