{"loss": [0.01335230658519758, 0.012260611207313733, 0.011592440421960941, 0.011111743831114, 0.010722104868251984], "val_mean_squared_error": [0.013018505392621641, 0.012229452687889745, 0.011673164656003043, 0.011268296279013157, 0.010928026687557975], "mean_squared_error": [0.013352306591576501, 0.012260611258345107, 0.011592440453855551, 0.01111174382473508, 0.01072210489376767], "val_loss": [0.013018505341590268, 0.012229452789952494, 0.01167316460497167, 0.011268296381075904, 0.010928026789620723]}